alignment_num,sbjct_title,sbjct_id,sbjct_accession,sbjct_length,query_id,query_length,score,evalue,identities,positives,gaps,align_length,strand,query_start,query_end,query,match,sbjct,sbjct_start,sbjct_end,detect_time_min
1,"acc|NEIGHBOR|OL546295.1|Porcine circovirus 1 strain PCV1-CH-SDHY9-2021, complete genome.|Porcine circovirus 1|VRL|27-FEB-2022 ",gnl|BL_ORD_ID|1018932,1018932,1759,read8598,293,207.0,2.4781e-104,271,271,8,301,"('Plus', 'Plus')",1,293,CACCTCCA-GGGTTTGCGAATTTTGC-ACGAAGCAGACTTTTAACAAGGTGAAGTGATCTTTAGGTGCCCGCTGCCACATCGAG-AAGCGAAAGGAACCTAACAGCAGAATAAAGAGTACTGCGAAAAACAAGGTCACATACTTATCGAGTTT-GAGCTCCGCGCAACCAGGGGAAGCGCAGCG-CGT-TCTACTGCTGTGAGTACCCTTTTGGAGACGGGGTCTTT-GTGACTGAAGCCGAGCAGTTCCCTGTTACGTTTGTGAG-AATTTCCTCGGGCTGGCTGAACAGTTGAAACTGA,|||||||| ||||||||||||||||| | ||||||||||||||||||||||||||| | ||| ||||||||||||||||||||| |||||||||||||| | |||||||||||||| ||||||   ||| |||| |||||||||||||||| | |||||||||| ||||||||||||||||||| | | |||||||||||||||||||||||||||||||||||||| ||||||| |||||||||||||||||| |||||||| || ||||||| ||||||||||||||  |||||| |||,CACCTCCAGGGGTTTGCGAATTTTGCTAAGAAGCAGACTTTTAACAAGGTGAAGTGGTATTTGGGTGCCCGCTGCCACATCGAGAAAGCGAAAGGAACCGACCAGCAGAATAAAGAATACTGCAGTAAAGAAGGCCACATACTTATCGAGTGTGGAGCTCCGCGGAACCAGGGGAAGCGCAGCGACCTGTCTACTGCTGTGAGTACCCTTTTGGAGACGGGGTCTTTGGTGACTGTAGCCGAGCAGTTCCCTGTAACGTTTGTCAGAAATTTCCGCGGGCTGGCTGAACTTTTGAAAGTGA,978,1278,20.07776219844818
2,"acc|NEIGHBOR|GU799575.1|Porcine circovirus 1 strain NMB, complete genome.|Porcine circovirus 1|VRL|28-FEB-2011 ",gnl|BL_ORD_ID|943347,943347,1759,read8598,293,207.0,2.4781e-104,271,271,8,301,"('Plus', 'Plus')",1,293,CACCTCCA-GGGTTTGCGAATTTTGC-ACGAAGCAGACTTTTAACAAGGTGAAGTGATCTTTAGGTGCCCGCTGCCACATCGAG-AAGCGAAAGGAACCTAACAGCAGAATAAAGAGTACTGCGAAAAACAAGGTCACATACTTATCGAGTTT-GAGCTCCGCGCAACCAGGGGAAGCGCAGCG-CGT-TCTACTGCTGTGAGTACCCTTTTGGAGACGGGGTCTTT-GTGACTGAAGCCGAGCAGTTCCCTGTTACGTTTGTGAG-AATTTCCTCGGGCTGGCTGAACAGTTGAAACTGA,|||||||| ||||||||||||||||| | ||||||||||||||||||||||||||| | ||| ||||||||||||||||||||| |||||||||||||| | |||||||||||||| ||||||   ||| |||| |||||||||||||||| | |||||||||| ||||||||||||||||||| | | |||||||||||||||||||||||||||||||||||||| ||||||| |||||||||||||||||| |||| |||||| ||||||| ||||||||||||||  |||||| |||,CACCTCCAGGGGTTTGCGAATTTTGCTAAGAAGCAGACTTTTAACAAGGTGAAGTGGTATTTTGGTGCCCGCTGCCACATCGAGAAAGCGAAAGGAACCGACCAGCAGAATAAAGAATACTGCAGTAAAGAAGGCCACATACTTATCGAGTGTGGAGCTCCGCGGAACCAGGGGAAGCGCAGCGACCTGTCTACTGCTGTGAGTACCCTTTTGGAGACGGGGTCTTTGGTGACTGTAGCCGAGCAGTTCCCTGTAACGTATGTGAGAAATTTCCGCGGGCTGGCTGAACTTTTGAAAGTGA,978,1278,20.07776447534561
3,"acc|REFSEQ|NC_013774.1|Porcine circovirus type 1/2a, complete genome ",gnl|BL_ORD_ID|446004,446004,1767,read8598,293,207.0,2.4781e-104,271,271,8,301,"('Plus', 'Plus')",1,293,CACCTCCA-GGGTTTGCGAATTTTGC-ACGAAGCAGACTTTTAACAAGGTGAAGTGATCTTTAGGTGCCCGCTGCCACATCGAG-AAGCGAAAGGAACCTAACAGCAGAATAAAGAGTACTGCGAAAAACAAGGTCACATACTTATCGAGTTT-GAGCTCCGCGCAACCAGGGGAAGCGCAGCG-CGT-TCTACTGCTGTGAGTACCCTTTTGGAGACGGGGTCTTT-GTGACTGAAGCCGAGCAGTTCCCTGTTACGTTTGTGAG-AATTTCCTCGGGCTGGCTGAACAGTTGAAACTGA,|||||||| ||||||||||||||||| | ||||||||||||||||||||||||||| | ||| ||||||||||||||||||||| |||||||||||||| | |||||||||||||| ||||||   ||| |||| |||||||||||||||| | |||||||||| ||||||||||||||||||| | | |||||||||||||||||||||||||||||||||||||| ||||||| |||||||||||||||||| |||| |||||| ||||||| ||||||||||||||  |||||| |||,CACCTCCAGGGGTTTGCGAATTTTGCTAAGAAGCAGACTTTTAACAAGGTGAAGTGGTATTTTGGTGCCCGCTGCCACATCGAGAAAGCGAAAGGAACCGACCAGCAGAATAAAGAATACTGCAGTAAAGAAGGCCACATACTTATCGAGTGTGGAGCTCCGCGGAACCAGGGGAAGCGCAGCGACCTGTCTACTGCTGTGAGTACCCTTTTGGAGACGGGGTCTTTGGTGACTGTAGCCGAGCAGTTCCCTGTAACGTATGTGAGAAATTTCCGCGGGCTGGCTGAACTTTTGAAAGTGA,206,506,20.077771564324696
4,"acc|NEIGHBOR|KJ680360.1|Porcine circovirus 2 isolate HN1204, complete genome.|Porcine circovirus 2|VRL|18-MAY-2014 ",gnl|BL_ORD_ID|69856,69856,1767,read8598,293,207.0,2.4781e-104,271,271,8,301,"('Plus', 'Plus')",1,293,CACCTCCA-GGGTTTGCGAATTTTGC-ACGAAGCAGACTTTTAACAAGGTGAAGTGATCTTTAGGTGCCCGCTGCCACATCGAG-AAGCGAAAGGAACCTAACAGCAGAATAAAGAGTACTGCGAAAAACAAGGTCACATACTTATCGAGTTT-GAGCTCCGCGCAACCAGGGGAAGCGCAGCG-CGT-TCTACTGCTGTGAGTACCCTTTTGGAGACGGGGTCTTT-GTGACTGAAGCCGAGCAGTTCCCTGTTACGTTTGTGAG-AATTTCCTCGGGCTGGCTGAACAGTTGAAACTGA,|||||||| ||||||||||||||||| | ||||||||||||||||||||||||||| | ||| ||||||||||||||||||||| |||||||||||||| | |||||||||||||| ||||||   ||| |||| |||||||||||||||| | |||||||||| ||||||||||||||||||| | | |||||||||||||||||||||||||||||||||||||| ||||||| |||||||||||||||||| |||||||| || ||||||| ||||||||||||||  |||||| |||,CACCTCCAGGGGTTTGCGAATTTTGCTAAGAAGCAGACTTTTAACAAGGTGAAGTGGTATTTTGGTGCCCGCTGCCACATCGAGAAAGCGAAAGGAACCGACCAGCAGAATAAAGAATACTGCAGTAAAGAAGGCCACATACTTATCGAGTGTGGAGCTCCGCGGAACCAGGGGAAGCGCAGCGACCTGTCTACTGCTGTGAGTACCCTTTTGGAGACGGGGTCTTTGGTGACTGTAGCCGAGCAGTTCCCTGTAACGTTTGTCAGAAATTTCCGCGGGCTGGCTGAACTTTTGAAAGTGA,219,519,20.07777263323466
5,"acc|NEIGHBOR|KC990120.1|Porcine circovirus 1 isolate 090507, complete genome.|Porcine circovirus 1|VRL|31-AUG-2013 ",gnl|BL_ORD_ID|1230798,1230798,1760,read8598,293,204.0,1.15295e-102,270,270,8,301,"('Plus', 'Plus')",1,293,CACCTCCA-GGGTTTGCGAATTTTGC-ACGAAGCAGACTTTTAACAAGGTGAAGTGATCTTTAGGTGCCCGCTGCCACATCGAG-AAGCGAAAGGAACCTAACAGCAGAATAAAGAGTACTGCGAAAAACAAGGTCACATACTTATCGAGTTT-GAGCTCCGCGCAACCAGGGGAAGCGCAGCG-CGT-TCTACTGCTGTGAGTACCCTTTTGGAGACGGGGTCTTT-GTGACTGAAGCCGAGCAGTTCCCTGTTACGTTTGTGAG-AATTTCCTCGGGCTGGCTGAACAGTTGAAACTGA,|||||||| ||||||||||||||| | | ||||||||||||||||||||||||||| | ||| ||||||||||||||||||||| |||||||||||||| | |||||||||||||| ||||||   ||| |||| |||||||||||||||| | |||||||||| ||||||||||||||||||| | | |||||||||||||||||||||||||||||||||||||| ||||||| |||||||||||||||||| |||| |||||| ||||||| ||||||||||||||  |||||| |||,CACCTCCAGGGGTTTGCGAATTTTTCTAAGAAGCAGACTTTTAACAAGGTGAAGTGGTATTTGGGTGCCCGCTGCCACATCGAGAAAGCGAAAGGAACCGACCAGCAGAATAAAGAATACTGCAGTAAAGAAGGCCACATACTTATCGAGTGTGGAGCTCCGCGGAACCAGGGGAAGCGCAGCGACCTGTCTACTGCTGTGAGTACCCTTTTGGAGACGGGGTCTTTGGTGACTGTAGCCGAGCAGTTCCCTGTAACGTATGTGAGAAATTTCCGCGGGCTGGCTGAACTTTTGAAAGTGA,206,506,20.077773928642273
6,"acc|NEIGHBOR|AY699796.1|Porcine circovirus 1, complete genome.|Porcine circovirus 1|VRL|26-OCT-2004 ",gnl|BL_ORD_ID|276391,276391,1759,read8598,293,201.0,5.36414e-101,269,269,8,301,"('Plus', 'Plus')",1,293,CACCTCCA-GGGTTTGCGAATTTTGC-ACGAAGCAGACTTTTAACAAGGTGAAGTGATCTTTAGGTGCCCGCTGCCACATCGAG-AAGCGAAAGGAACCTAACAGCAGAATAAAGAGTACTGCGAAAAACAAGGTCACATACTTATCGAGTTT-GAGCTCCGCGCAACCAGGGGAAGCGCAGCG-CGT-TCTACTGCTGTGAGTACCCTTTTGGAGACGGGGTCTTT-GTGACTGAAGCCGAGCAGTTCCCTGTTACGTTTGTGAG-AATTTCCTCGGGCTGGCTGAACAGTTGAAACTGA,|||||||| ||||||||||||||||| | ||||||||||||||| ||||||||||| | ||| ||||||||||||||||||||| |||||||||||||| | || ||||||||||| ||||||   ||| |||| |||||||||||||||| | |||||||||| ||||||||||||||||||| | | |||||||||||||||||||||||||||||||||||||| ||||||| |||||||||||||||||| |||| |||||| ||||||| ||||||||||||||  |||||| |||,CACCTCCAGGGGTTTGCGAATTTTGCTAAGAAGCAGACTTTTAATAAGGTGAAGTGGTATTTTGGTGCCCGCTGCCACATCGAGAAAGCGAAAGGAACCGACCACCAGAATAAAGAATACTGCAGTAAAGAAGGCCACATACTTATCGAGTGTGGAGCTCCGCGGAACCAGGGGAAGCGCAGCGACCTGTCTACTGCTGTGAGTACCCTTTTGGAGACGGGGTCTTTGGTGACTGTAGCCGAGCAGTTCCCTGTAACGTATGTGAGAAATTTCCGCGGGCTGGCTGAACTTTTGAAAGTGA,559,859,20.07777546644211
7,"acc|NEIGHBOR|KY437725.1|Porcine circovirus 1 isolate Pcv1-84, complete genome.|Porcine circovirus 1|VRL|18-DEC-2017 ",gnl|BL_ORD_ID|762013,762013,1757,read8598,293,198.0,2.49569e-99,268,268,8,301,"('Plus', 'Plus')",1,293,CACCTCCA-GGGTTTGCGAATTTTGC-ACGAAGCAGACTTTTAACAAGGTGAAGTGATCTTTAGGTGCCCGCTGCCACATCGAG-AAGCGAAAGGAACCTAACAGCAGAATAAAGAGTACTGCGAAAAACAAGGTCACATACTTATCGAGTTT-GAGCTCCGCGCAACCAGGGGAAGCGCAGCG-CGT-TCTACTGCTGTGAGTACCCTTTTGGAGACGGGGTCTTT-GTGACTGAAGCCGAGCAGTTCCCTGTTACGTTTGTGAG-AATTTCCTCGGGCTGGCTGAACAGTTGAAACTGA,|||||||| |||||||| |||||||| | ||||||||||||||||||||||||||| | ||| ||||||||||||||||||||| |||||||||||||| | || ||||||||||| ||||||   ||| |||| |||||||||||||||| | |||| ||||| ||||||||||||||||||| | | |||||||||||||||||||||||||||||||||||||| ||||||| |||||||||||||||||| |||| |||||| ||||||| ||||||||||||||  |||||| |||,CACCTCCAGGGGTTTGCCAATTTTGCTAAGAAGCAGACTTTTAACAAGGTGAAGTGGTATTTTGGTGCCCGCTGCCACATCGAGAAAGCGAAAGGAACCGACCACCAGAATAAAGAATACTGCAGTAAAGAAGGCCACATACTTATCGAGTGTGGAGCCCCGCGGAACCAGGGGAAGCGCAGCGACCTGTCTACTGCTGTGAGTACCCTTTTGGAGACGGGGTCTTTGGTGACTGTAGCCGAGCAGTTCCCTGTAACGTATGTGAGAAATTTCCGCGGGCTGGCTGAACTTTTGAAAGTGA,206,506,20.077776404221854
8,"acc|GENBANK|EF036483.1|Porcine circovirus 1 from India replicase gene, partial cds.|Porcine circovirus 1|VRL|14-JUL-2016 ",gnl|BL_ORD_ID|638471,638471,951,read8598,293,198.0,2.49569e-99,268,268,8,301,"('Plus', 'Plus')",1,293,CACCTCCA-GGGTTTGCGAATTTTGC-ACGAAGCAGACTTTTAACAAGGTGAAGTGATCTTTAGGTGCCCGCTGCCACATCGAG-AAGCGAAAGGAACCTAACAGCAGAATAAAGAGTACTGCGAAAAACAAGGTCACATACTTATCGAGTTT-GAGCTCCGCGCAACCAGGGGAAGCGCAGCG-CGT-TCTACTGCTGTGAGTACCCTTTTGGAGACGGGGTCTTT-GTGACTGAAGCCGAGCAGTTCCCTGTTACGTTTGTGAG-AATTTCCTCGGGCTGGCTGAACAGTTGAAACTGA,|||||||| ||||||||||||||||| | ||||||||||||||||||||||||||| | ||| ||||||||||||||  ||||| |||||||||||||| | |||||||||||||| ||||||   ||| |||| |||||||||||||||| | |||||||||| ||||||||||||||||||| | | |||||||||||||||||||||||||||||||||||||| ||||||| |||||||||||| ||||| |||| |||||| ||||||| ||||||||||||||  |||||| |||,CACCTCCAGGGGTTTGCGAATTTTGCTAAGAAGCAGACTTTTAACAAGGTGAAGTGGTATTTTGGTGCCCGCTGCCATGTCGAGAAAGCGAAAGGAACCGACCAGCAGAATAAAGAATACTGCAGTAAAGAAGGCCACATACTTATCGAGTGTGGAGCTCCGCGGAACCAGGGGAAGCGCAGCGACCTGTCTACTGCTGTGAGTACCCTTTTGGAGACGGGGTCTTTGGTGACTGTAGCCGAGCAGTTTCCTGTAACGTATGTGAGAAATTTCCGCGGGCTGGCTGAACTTTTGAAAGTGA,185,485,20.077777365843456
9,"acc|GENBANK|GQ404924.1|Porcine circovirus 1 isolate CA2HT replication-association protein (rep) gene, partial cds.|Porcine circovirus 1|VRL|25-JUL-2016 ",gnl|BL_ORD_ID|982131,982131,363,read8598,293,189.0,2.51341e-94,251,251,7,280,"('Plus', 'Minus')",21,293,TTTGC-ACGAAGCAGACTTTTAACAAGGTGAAGTGATCTTTAGGTGCCCGCTGCCACATCGAGAA-GCGAAAGGAACCTAACAGCAGAATAAAGAGTACTGCGAAAAACAAGGTCACATACTTATCGAGTTTG-AGCTCCGCGCAACCAGGGGAAGCGCAGCG-CGT-TCTACTGCTGTGAGTACCCTTTTGGAGACGGGGTCTTTG-TGACTGAAGCCGAGCAGTTCCCTGTTACGTTTGTGAGAA-TTTCCTCGGGCTGGCTGAACAGTTGAAACTGA,||||| | ||||||||||||||||||||||||||| | ||| ||||||||||||||||||||||| |||||||||||| | |||||||||||||| ||||||   ||| |||| |||||||||||||||| || ||||||||| ||||||||||||||||||| | | ||||||||||||||||||||||||||||||||||||||| |||||| |||||||||||||||||| |||| |||||||| ||||| ||||||||||||||  |||||| |||,TTTGCTAAGAAGCAGACTTTTAACAAGGTGAAGTGGTATTTTGGTGCCCGCTGCCACATCGAGAAAGCGAAAGGAACCGACCAGCAGAATAAAGAATACTGCAGTAAAGAAGGCCACATACTTATCGAGTGTGGAGCTCCGCGGAACCAGGGGAAGCGCAGCGACCTGTCTACTGCTGTGAGTACCCTTTTGGAGACGGGGTCTTTGGTGACTGTAGCCGAGCAGTTCCCTGTAACGTATGTGAGAAATTTCCGCGGGCTGGCTGAACTTTTGAAAGTGA,363,84,20.07777826388677
